client_id,name,mensaje
42556,Jessica Williamson,"Hola Jessica Williamson, 

Me dirijo a ti con la finalidad de recordarte que le debes $19418. La fecha de pago de la última transacción fue el 2024-04-25. Espero que hayas podido liquidar la deuda en el plazo estipulado. Si tienes alguna pregunta o necesitas ayuda, no dudes en contactarme. 

Atentamente, 
[Nombre del cobrador]</"
73409,Angel Jackson,"Hola Angel Jackson, 

Me dirijo a ti con la finalidad de recordarte que le debes $18480. La fecha de pago de la última transacción fue el 2024-03-10. Espero que hayas podido liquidar la deuda en el plazo estipulado. Si tienes alguna pregunta o necesitas ayuda, no dudes en contactarme. 

Atentamente, 
[Nombre del cobrador]</"
38269,Jeffery Vargas,"Hola Jeffery Vargas, 

Me dirijo a ti con la finalidad de recordarte que le debes $19912. La fecha de pago de la última transacción fue el 2024-02-10. Espero que hayas podido liquidar la deuda en el plazo estipulado. Si tienes alguna pregunta o necesitas ayuda, no dudes en contactarme. 

Atentamente, 
[Nombre del cobrador]</"
51284,Rodney Scott,"Hola Rodney Scott, 

Me dirijo a ti con la finalidad de recordarte que le debes $18645. La fecha de pago de la última transacción fue el 2024-04-10. Espero que hayas podido liquidar la deuda en el plazo estipulado. Si tienes alguna pregunta o necesitas ayuda, no dudes en contactarme. 

Atentamente, 
[Nombre del cobrador]</"
72585,Jennifer Ramsey,"Hola Jennifer Ramsey, 

Me dirijo a ti con la finalidad de recordarte que le debes $18705. La fecha de pago de la última transacción fue el 2024-02-25. Espero que hayas podido liquidar la deuda en el plazo estipulado. Si tienes alguna pregunta o necesitas ayuda, no dudes en contactarme. 

Atentamente, 
[Nombre del cobrador]</"
87533,Mr. Willie Rhodes,"Hola Mr. Willie Rhodes, 

Me dirijo a ti con la finalidad de recordarte que le debes $19388. La fecha de pago de la última transacción fue el 2024-01-25. Espero que hayas podido liquidar la deuda en el plazo estipulado. Si tienes alguna pregunta o necesitas ayuda, no dudes en contactarme. 

Atentamente, 
[Nombre del cobrador]</"
49002,David Wright,"Hola David Wright, 

Me dirijo a ti con la finalidad de recordarte que le debes $17791. La fecha de pago de la última transacción fue el 2024-01-10. Espero que hayas podido liquidar la deuda en el plazo estipulado. Si tienes alguna pregunta o necesitas ayuda, no dudes en contactarme. 

Atentamente, 
[Nombre del cobrador]</"
21408,Jennifer Crosby,"Hola Jennifer Crosby, 

Me dirijo a ti con la finalidad de recordarte que le debes $19787. La fecha de pago de la última transacción fue el 2024-05-25. Espero que hayas podido liquidar la deuda en el plazo estipulado. Si tienes alguna pregunta o necesitas ayuda, no dudes en contactarme. 

Atentamente, 
[Nombre del cobrador]</"
